UserID,Name,Gender,DateOfBirth,Interests,City,Country,FirstName,LastName,Username
1,Jesse Lawhorn,Female,1958-10-15,"'Movies', 'Fashion', 'Fashion', 'Books'",Sibolga,Indonesia,Jesse,Lawhorn,jesse_lawhorn
2,Stacy Payne,Female,2004-07-21,"'Gaming', 'Finance and investments', 'Outdoor activities', 'Travel'",Al Abyār,Libya,Stacy,Payne,stacy_payne
3,Katrina Nicewander,Female,2000-02-07,"'DIY and crafts', 'Music', 'Science', 'Fashion'",Wādī as Sīr,Jordan,Katrina,Nicewander,katrina_nicewander
4,Eric Yarbrough,Male,1985-04-14,"'Outdoor activities', 'Cars and automobiles'",Matera,Italy,Eric,Yarbrough,eric_yarbrough
5,Daniel Adkins,Female,1955-09-18,"'Politics', 'History'",Biruaca,Venezuela,Daniel,Adkins,daniel_adkins
6,Diane Jara,Male,1967-06-18,'Travel',Belton,United States,Diane,Jara,diane_jara
7,Sheryl Morgan,Female,1969-02-09,"'Outdoor activities', 'Movies'",Haslingden,United Kingdom,Sheryl,Morgan,sheryl_morgan
8,William Harper,Male,1965-12-30,"'Beauty', 'Nature', 'Gardening', 'Food and dining', 'DIY and crafts'",Ad-Damazin,Sudan,William,Harper,william_harper
9,Virginia Varron,Male,1984-08-16,"'Parenting and family', 'Photography', 'Finance and investments'",Tabuk,Saudi Arabia,Virginia,Varron,virginia_varron
10,Charles Figueroa,Female,2003-03-08,'Gardening',Ongole,India,Charles,Figueroa,charles_figueroa
11,Paul Chain,Male,1984-04-07,"'Pets', 'Photography', 'Food and dining'",Timashyovsk,Russia,Paul,Chain,paul_chain
12,Christina Parker,Female,1963-08-30,"'Finance and investments', 'Health and wellness'",Roeselare,Belgium,Christina,Parker,christina_parker
13,Jack Freeman,Male,1984-08-07,"'Gaming', 'Travel', 'Technology', 'Art'",Manzhouli,China,Jack,Freeman,jack_freeman
14,Wayne Fasano,Male,1955-03-30,"'Education and learning', 'Health and wellness', 'Pets', 'Fitness', 'Music'",Quíbor,Venezuela,Wayne,Fasano,wayne_fasano
15,Homer Maxwell,Male,1968-12-01,"'Art', 'Cooking', 'Cars and automobiles', 'Fashion', 'History'",Biaora,India,Homer,Maxwell,homer_maxwell
16,Frank Holmes,Female,1984-01-09,"'Music', 'Pets', 'Sports'",Islāmnagar,India,Frank,Holmes,frank_holmes
17,Donald Zeller,Male,1970-05-17,"'Music', 'DIY and crafts', 'Cars and automobiles', 'Technology', 'Cooking'",Paiçandu,Brazil,Donald,Zeller,donald_zeller
18,Sheldon Wentz,Female,1969-05-14,"'Cars and automobiles', 'Business and entrepreneurship', 'Nature', 'History'",Greenwood Village,United States,Sheldon,Wentz,sheldon_wentz
19,Isabel Williams,Male,1981-08-15,"'Music', 'Outdoor activities', 'Social causes and activism', 'Cooking', 'Education and learning'",Gryfice,Poland,Isabel,Williams,isabel_williams
20,Cody Watson,Female,1986-03-07,"'Cars and automobiles', 'Music'",Date,Japan,Cody,Watson,cody_watson
21,Doris Vinci,Male,2002-08-17,"'Music', 'Sports', 'Movies'",Yŏnan-ŭp,North Korea,Doris,Vinci,doris_vinci
22,Bobby Christensen,Male,1966-05-10,"'Nature', 'Pets'",Rājpīpla,India,Bobby,Christensen,bobby_christensen
23,William Richardson,Female,1964-10-31,"'Science', 'Movies'",Zhakou,China,William,Richardson,william_richardson
24,Hester Avery,Female,1982-05-01,"'Parenting and family', 'Education and learning', 'Gaming', 'Cooking'",Rumia,Poland,Hester,Avery,hester_avery
25,Ruth Burns,Male,1990-10-18,"'Science', 'Movies', 'Health and wellness', 'Finance and investments', 'Books'",Magangué,Colombia,Ruth,Burns,ruth_burns
26,William Pitman,Female,2003-06-25,'Food and dining',Sabae,Japan,William,Pitman,william_pitman
27,Darrell Prendergast,Female,1984-10-15,"'Cooking', 'Fitness'",Novozybkov,Russia,Darrell,Prendergast,darrell_prendergast
28,Manuel Helton,Male,1989-04-29,"'Travel', 'Photography'",Welisara,Sri Lanka,Manuel,Helton,manuel_helton
29,Rena Wild,Male,1982-08-11,"'History', 'Books', 'Photography'",Motril,Spain,Rena,Wild,rena_wild
30,Marilyn Mahan,Male,1989-01-17,"'Education and learning', 'Politics'",Garanhuns,Brazil,Marilyn,Mahan,marilyn_mahan
31,David Coleman,Female,1963-06-09,"'Health and wellness', 'Parenting and family', 'Photography'",Wassenberg,Germany,David,Coleman,david_coleman
32,Steven Hille,Male,2001-01-20,"'Photography', 'Science', 'Technology'",Char Bhadrāsan,Bangladesh,Steven,Hille,steven_hille
33,Joyce Lashley,Male,1967-03-06,'Business and entrepreneurship',Korydallós,Greece,Joyce,Lashley,joyce_lashley
34,Christian Kim,Female,1965-11-16,"'Finance and investments', 'Photography', 'Finance and investments', 'Movies'",Damascus,Syria,Christian,Kim,christian_kim
35,Manuel Strickland,Female,1989-03-30,'History',Bedelē,Ethiopia,Manuel,Strickland,manuel_strickland
36,Erica Dilks,Female,1993-04-12,'Health and wellness',Quthbullapur,India,Erica,Dilks,erica_dilks
37,Justin Gallant,Male,2001-12-31,"'Photography', 'Outdoor activities'",Saint-Germain-en-Laye,France,Justin,Gallant,justin_gallant
38,Christopher Martin,Male,1983-11-13,"'DIY and crafts', 'Fitness', 'Parenting and family', 'Fitness', 'DIY and crafts'",Ibeto,Nigeria,Christopher,Martin,christopher_martin
39,Robert Ross,Male,1994-02-22,"'Music', 'History', 'Books', 'Books', 'Fashion'",Mira Taglio,Italy,Robert,Ross,robert_ross
40,Laurie Mcgee,Male,1984-09-08,"'Gaming', 'Music'",Gongyi,China,Laurie,Mcgee,laurie_mcgee
41,Carrie Bruner,Female,1978-05-01,'Travel',El Reno,United States,Carrie,Bruner,carrie_bruner
42,Diana French,Female,1992-08-23,"'Travel', 'Fitness'",Coram,United States,Diana,French,diana_french
43,Arthur Quezada,Male,1999-03-02,"'Books', 'Gaming', 'Parenting and family', 'Nature', 'Science'",Bīsalpur,India,Arthur,Quezada,arthur_quezada
44,William Putnam,Female,1959-04-04,"'Parenting and family', 'Movies', 'Cars and automobiles'",St Clair,Australia,William,Putnam,william_putnam
45,Heidi Morrow,Female,1965-10-02,"'Movies', 'Pets'",Fendou,China,Heidi,Morrow,heidi_morrow
46,Teofila Harris,Female,1962-04-18,"'Nature', 'Finance and investments'",Petrogradka,Russia,Teofila,Harris,teofila_harris
47,Crystal Summy,Male,1956-07-08,'Books',V.S.K.Valasai (Dindigul-Dist.),India,Crystal,Summy,crystal_summy
48,Brenda Gegenheimer,Male,1984-03-18,"'Cooking', 'Art', 'Gardening', 'Social causes and activism'",Abinsk,Russia,Brenda,Gegenheimer,brenda_gegenheimer
49,Joshua Morgan,Female,1997-12-23,'Health and wellness',Ulu Tiram,Malaysia,Joshua,Morgan,joshua_morgan
50,Cynthia Avellino,Female,1984-10-13,"'Books', 'Health and wellness'",Liberec,Czechia,Cynthia,Avellino,cynthia_avellino
51,Michael Fairbanks,Female,2003-11-22,"'Health and wellness', 'Health and wellness', 'Sports', 'Cars and automobiles'",Granite Bay,United States,Michael,Fairbanks,michael_fairbanks
52,Audrey Hollenbeck,Male,1959-03-24,"'Science', 'Fitness', 'Beauty'",Xiamen,China,Audrey,Hollenbeck,audrey_hollenbeck
53,James Vazquez,Female,1958-08-13,'Politics',Ciudad Lineal,Spain,James,Vazquez,james_vazquez
54,Carita Scott,Male,1970-09-01,"'Art', 'Photography'",Brest,France,Carita,Scott,carita_scott
55,David Haden,Male,2001-12-25,"'Movies', 'Social causes and activism', 'Business and entrepreneurship'",Lubbock,United States,David,Haden,david_haden
56,Richard Dickson,Female,1958-05-26,"'Fashion', 'History'",Prakhon Chai,Thailand,Richard,Dickson,richard_dickson
57,Richard Soto,Male,2002-02-20,"'Fitness', 'Beauty', 'Books'",Leduc,Canada,Richard,Soto,richard_soto
58,Verda Barry,Female,1956-12-28,"'Education and learning', 'Fashion'",Oltiariq,Uzbekistan,Verda,Barry,verda_barry
59,Charles Xiong,Female,1987-02-09,"'Books', 'Cooking'",Vicaria,Italy,Charles,Xiong,charles_xiong
60,Jacqueline Watkins,Male,1959-11-18,'Books',Ra'anana,Israel,Jacqueline,Watkins,jacqueline_watkins
61,Angel Barnes,Male,1971-10-15,'Business and entrepreneurship',Jhā-Jhā,India,Angel,Barnes,angel_barnes
62,Karla Williams,Male,1984-11-06,"'Photography', 'Beauty', 'Cars and automobiles', 'Sports'",Tékane,Mauritania,Karla,Williams,karla_williams
63,Dorothy Cheng,Male,1993-09-04,"'Politics', 'Parenting and family'",Sonāri,India,Dorothy,Cheng,dorothy_cheng
64,Eric Rice,Male,1998-02-04,"'Fashion', 'Cars and automobiles'",Ahwatukee Foothills,United States,Eric,Rice,eric_rice
65,Jane Blackwell,Female,1961-02-12,"'Travel', 'Cooking', 'Parenting and family', 'Movies', 'Books'",Ancaster,Canada,Jane,Blackwell,jane_blackwell
66,Blanche Demby,Male,1986-07-22,"'Outdoor activities', 'Social causes and activism', 'Pets'",Las Tunas,Cuba,Blanche,Demby,blanche_demby
67,Julie Allen,Male,1995-04-05,"'Sports', 'Nature', 'Gardening'",Mbandaka,Democratic Republic of the Congo,Julie,Allen,julie_allen
68,Lori Montague,Male,1960-12-06,"'Social causes and activism', 'Education and learning'",Zagazig,Egypt,Lori,Montague,lori_montague
69,David Gibson,Male,1954-10-20,"'Books', 'DIY and crafts', 'Pets', 'Science'",Lynbrook,United States,David,Gibson,david_gibson
70,Joseph Sherman,Male,1988-11-15,'Business and entrepreneurship',Ashta,India,Joseph,Sherman,joseph_sherman
71,Ted Blackwell,Male,1978-08-13,"'Cars and automobiles', 'Fashion', 'Gaming'",Nanfeng,China,Ted,Blackwell,ted_blackwell
72,Jared Howard,Male,1967-09-21,"'Education and learning', 'Fitness', 'Outdoor activities', 'Gardening', 'Art'",Canton,United States,Jared,Howard,jared_howard
73,Charles Mccall,Female,1983-05-19,'Gardening',Yaxing,China,Charles,Mccall,charles_mccall
74,Lawrence Johnson,Female,2001-04-18,'Technology',Trappes,France,Lawrence,Johnson,lawrence_johnson
75,Michael Gamble,Male,1986-11-19,"'Nature', 'Gaming', 'Gardening'",Dana Point,United States,Michael,Gamble,michael_gamble
76,Lucy Lea,Male,1974-06-03,'Sports',Bagar,India,Lucy,Lea,lucy_lea
77,Candy Camacho,Female,1972-03-02,'Education and learning',Austin,United States,Candy,Camacho,candy_camacho
78,David Nguyen,Female,1975-09-30,"'Cars and automobiles', 'Food and dining', 'Education and learning', 'Art', 'Finance and investments'",Feteşti,Romania,David,Nguyen,david_nguyen
79,Naomi Wallace,Male,1965-09-11,"'Science', 'Fashion'",Sangrūr,India,Naomi,Wallace,naomi_wallace
80,Maragaret Ellis,Female,1986-09-30,'Fashion',Uryupinsk,Russia,Maragaret,Ellis,maragaret_ellis
81,Andrew Jimenes,Female,1997-11-14,"'Education and learning', 'DIY and crafts', 'Music', 'Fitness', 'Gardening'",Putney,United Kingdom,Andrew,Jimenes,andrew_jimenes
82,Rebekah Tiger,Male,1982-05-13,"'Music', 'Travel', 'Fitness', 'Education and learning', 'Travel'",San Nicola la Strada,Italy,Rebekah,Tiger,rebekah_tiger
83,Henry Lebowitz,Female,1996-04-29,"'Gardening', 'Photography'",Morristown,United States,Henry,Lebowitz,henry_lebowitz
84,Rosa Perez,Male,1973-09-02,"'Gaming', 'DIY and crafts', 'DIY and crafts', 'Cooking'",Raigarh,India,Rosa,Perez,rosa_perez
85,John Greene,Male,1971-07-07,"'Gaming', 'Movies'",Nouméa,New Caledonia,John,Greene,john_greene
86,Michelle Mayhew,Female,1985-05-14,"'Art', 'Science', 'Business and entrepreneurship', 'Photography'",Maying,China,Michelle,Mayhew,michelle_mayhew
87,David Prunty,Female,1983-04-08,"'Art', 'Beauty', 'Fashion', 'Fitness', 'Finance and investments'",Mashhad,Iran,David,Prunty,david_prunty
88,Sheryl Godfrey,Female,1983-04-07,"'Science', 'Music', 'Travel', 'Fitness'",Jais,India,Sheryl,Godfrey,sheryl_godfrey
89,Juan Martinez,Male,1963-11-10,"'Finance and investments', 'Art'",Jesús María,Argentina,Juan,Martinez,juan_martinez
90,Anna Bolton,Male,1995-07-16,'Music',Salisbury,United States,Anna,Bolton,anna_bolton
91,Lorraine Bolt,Female,1955-09-20,'Gaming',Ketanggungan,Indonesia,Lorraine,Bolt,lorraine_bolt
92,Karen Silkenson,Female,1961-11-18,"'Travel', 'Finance and investments', 'Travel', 'Pets'",Tanggulangin,Indonesia,Karen,Silkenson,karen_silkenson
93,Valerie Webb,Female,1961-12-08,"'Fitness', 'Sports', 'Parenting and family'",Suzano,Brazil,Valerie,Webb,valerie_webb
94,Carmen Blackburn,Male,1983-02-19,"'Cars and automobiles', 'Books'",Shibganj,Bangladesh,Carmen,Blackburn,carmen_blackburn
95,Anna Whitfield,Female,2001-01-05,"'Movies', 'Social causes and activism', 'Outdoor activities'",Gaoliu,China,Anna,Whitfield,anna_whitfield
96,Lynn Edmiston,Female,1995-12-19,"'Art', 'Health and wellness'",Chaoyang,China,Lynn,Edmiston,lynn_edmiston
97,Nanci Sabatino,Female,2000-09-17,"'Technology', 'Movies'",Ocotlán de Morelos,Mexico,Nanci,Sabatino,nanci_sabatino
98,Beverly Rash,Male,1999-02-17,"'Gardening', 'Finance and investments', 'Outdoor activities'",Tietê,Brazil,Beverly,Rash,beverly_rash
99,Felecia Windham,Male,1992-11-27,"'Gardening', 'Gardening'",Szeged,Hungary,Felecia,Windham,felecia_windham
100,Connie Turner,Female,1978-02-24,"'Movies', 'Music', 'Business and entrepreneurship', 'Food and dining'",Pastavy,Belarus,Connie,Turner,connie_turner
101,Arthur Pranger,Female,1970-10-01,"'Music', 'Health and wellness'",Saint-Paul,Reunion,Arthur,Pranger,arthur_pranger
102,William Seidman,Female,2000-01-30,"'Books', 'Technology', 'Gaming', 'Education and learning', 'Business and entrepreneurship'",Bedford Park-Nortown,Canada,William,Seidman,william_seidman
103,Thomas Montgomery,Male,1999-02-06,"'Nature', 'Gaming', 'Food and dining', 'Pets', 'Technology'",Chhāpar,India,Thomas,Montgomery,thomas_montgomery
104,Ericka Griffis,Female,1980-06-19,'Parenting and family',Emmiganūr,India,Ericka,Griffis,ericka_griffis
105,Edna Kimbrough,Female,1967-02-01,"'Parenting and family', 'Gardening', 'History', 'Technology'",Enfield Town,United Kingdom,Edna,Kimbrough,edna_kimbrough
106,John Watts,Female,1996-07-04,"'History', 'Finance and investments', 'Travel', 'Beauty'",Georgetown,Guyana,John,Watts,john_watts
107,Lisa Blackwell,Male,1985-12-17,'Science',Romulus,United States,Lisa,Blackwell,lisa_blackwell
108,David Pugh,Male,1997-08-27,"'Photography', 'Business and entrepreneurship'",Libeň,Czechia,David,Pugh,david_pugh
109,Austin Smith,Female,1999-03-12,"'Food and dining', 'Travel', 'Pets', 'History'",Hawthorn,Australia,Austin,Smith,austin_smith
110,Charles Hughes,Male,1955-04-24,"'Music', 'Sports', 'Books'",Goole,United Kingdom,Charles,Hughes,charles_hughes
111,John Hendrickson,Male,1991-08-12,"'Fitness', 'Sports', 'Parenting and family'",Palm Valley,United States,John,Hendrickson,john_hendrickson
112,Edwin Frantz,Male,1961-01-26,"'Social causes and activism', 'Music'",Calama,Chile,Edwin,Frantz,edwin_frantz
113,Michael Paquette,Female,1983-10-19,"'Beauty', 'Photography', 'Music'",Aonla,India,Michael,Paquette,michael_paquette
114,Barry Small,Male,1984-10-25,"'Fitness', 'Sports', 'Outdoor activities', 'Nature'",Körfez,Turkey,Barry,Small,barry_small
115,Ana Moore,Female,1979-08-16,'Food and dining',Thohoyandou,South Africa,Ana,Moore,ana_moore
116,Karen Draper,Female,1981-01-02,"'Fitness', 'Travel', 'Finance and investments', 'Social causes and activism'",Kot Radha Kishan,Pakistan,Karen,Draper,karen_draper
117,Shelby Barnes,Male,1986-03-18,"'Science', 'Politics', 'Politics'",Greenwood,United States,Shelby,Barnes,shelby_barnes
118,John Tackett,Female,1989-12-09,'Health and wellness',Arnold,United States,John,Tackett,john_tackett
119,Rhonda Adam,Female,1965-06-05,"'Pets', 'Parenting and family', 'Nature'",Cedar Park,United States,Rhonda,Adam,rhonda_adam
120,Charles Garrett,Male,1987-01-12,"'Travel', 'Nature', 'DIY and crafts'",Jalālābād,India,Charles,Garrett,charles_garrett
121,Dawn Diaz,Male,1988-12-05,"'Politics', 'Fashion', 'Beauty', 'Movies', 'Cars and automobiles'",Al Hārithah,Iraq,Dawn,Diaz,dawn_diaz
122,Lela Burns,Male,1963-09-12,"'Science', 'Beauty', 'Beauty', 'Pets', 'Cars and automobiles'",Acaraú,Brazil,Lela,Burns,lela_burns
123,Charles Murillo,Male,1954-03-18,"'Nature', 'Beauty', 'Sports'",Flagstaff,United States,Charles,Murillo,charles_murillo
124,Bonnie Labree,Male,1980-04-18,"'Health and wellness', 'Politics', 'Travel', 'Pets', 'Finance and investments'",Hannan,Japan,Bonnie,Labree,bonnie_labree
125,Trinidad Eastman,Female,1960-11-20,"'Outdoor activities', 'Finance and investments'",Bafoussam,Cameroon,Trinidad,Eastman,trinidad_eastman
126,Angelica Walker,Female,1987-03-21,'Fashion',Huaibei,China,Angelica,Walker,angelica_walker
127,Charles Martin,Female,1961-07-06,'History',Formby,United Kingdom,Charles,Martin,charles_martin
128,Terry Herald,Male,1973-12-25,"'Cooking', 'Science', 'Movies'",Amsterdam-Zuidoost,Netherlands,Terry,Herald,terry_herald
129,Lilian Davis,Female,1958-09-29,'Pets',Puchheim,Germany,Lilian,Davis,lilian_davis
130,Benjamin Stewart,Male,1964-11-19,"'Sports', 'Fashion', 'Fashion', 'Health and wellness'",Newmarket,United Kingdom,Benjamin,Stewart,benjamin_stewart
131,Manuel Amato,Male,1961-12-20,"'Technology', 'Science', 'Outdoor activities', 'Music', 'Social causes and activism'",Chistopol’,Russia,Manuel,Amato,manuel_amato
132,William Ashford,Male,2000-02-02,"'Fashion', 'Books', 'Travel', 'Movies'",Diepsloot,South Africa,William,Ashford,william_ashford
133,Felix Davis,Female,1978-01-04,"'Nature', 'Books', 'Fashion'",Bogor,Indonesia,Felix,Davis,felix_davis
134,Maggie Jess,Male,1992-01-26,"'DIY and crafts', 'Photography', 'Sports'",Hyesan,North Korea,Maggie,Jess,maggie_jess
135,Dorothy Dominguez,Male,1992-11-08,'Education and learning',Ridgewood,United States,Dorothy,Dominguez,dorothy_dominguez
136,Anthony Bell,Male,1986-07-20,"'Technology', 'Cooking', 'Nature'",Gouda,Netherlands,Anthony,Bell,anthony_bell
137,Robert Douglas,Female,1974-12-09,"'Travel', 'Cooking', 'Art', 'Pets', 'Parenting and family'",Jimeta,Nigeria,Robert,Douglas,robert_douglas
138,Ivan Mcnelis,Male,1954-08-29,"'Food and dining', 'Sports', 'Parenting and family'",Vienne,France,Ivan,Mcnelis,ivan_mcnelis
139,April Thomas,Male,1991-08-29,"'Fitness', 'Photography'",Santo Domingo de los Colorados,Ecuador,April,Thomas,april_thomas
140,Amy Baker,Male,1970-05-08,'Education and learning',Kamen’-na-Obi,Russia,Amy,Baker,amy_baker
141,Curt Anderson,Male,1958-05-03,'Travel',Provo,United States,Curt,Anderson,curt_anderson
142,Kevin Dempsey,Male,1958-12-04,"'Health and wellness', 'Fitness'",Villiers-sur-Marne,France,Kevin,Dempsey,kevin_dempsey
143,Emilia Hermanson,Male,1978-10-10,'Photography',Nordhorn,Germany,Emilia,Hermanson,emilia_hermanson
144,Billie Esser,Male,1967-10-22,"'Parenting and family', 'Music'",Miandrarivo,Madagascar,Billie,Esser,billie_esser
145,Ronald Stello,Female,1976-01-11,"'Business and entrepreneurship', 'Finance and investments', 'Business and entrepreneurship', 'Art'",Kankauli,India,Ronald,Stello,ronald_stello
146,James Ortiz,Female,1958-07-03,'Cooking',Qualiano,Italy,James,Ortiz,james_ortiz
147,Gerardo Moran,Female,1975-07-15,"'Politics', 'Books', 'Sports', 'Education and learning', 'Food and dining'",Gharo,Pakistan,Gerardo,Moran,gerardo_moran
148,Bryon Martin,Male,1999-11-09,'History',North Augusta,United States,Bryon,Martin,bryon_martin
149,Randolph Villani,Male,2001-12-17,"'History', 'Finance and investments', 'Nature', 'DIY and crafts', 'Cars and automobiles'",Crépy-en-Valois,France,Randolph,Villani,randolph_villani
150,Lee Patterson,Male,1987-01-08,'DIY and crafts',Tríkala,Greece,Lee,Patterson,lee_patterson
151,Julia Corso,Female,1962-11-08,"'Fashion', 'Gaming', 'Politics'",Vršac,Serbia,Julia,Corso,julia_corso
152,Ray Dudley,Female,1992-08-07,"'Fashion', 'Food and dining'",Pinamungahan,Philippines,Ray,Dudley,ray_dudley
153,Lenora Woo,Male,1991-10-09,"'Fashion', 'Fitness', 'Nature'",Ambatofinandrahana,Madagascar,Lenora,Woo,lenora_woo
154,Benjamin Smith,Female,1982-01-23,"'Nature', 'Music', 'Nature', 'Cooking'",Shāhāda,India,Benjamin,Smith,benjamin_smith
155,Elnora Douglas,Female,1967-07-21,'Health and wellness',Shibirghān,Afghanistan,Elnora,Douglas,elnora_douglas
156,Patricia Jackson,Female,1989-12-07,"'Travel', 'Parenting and family', 'Music', 'Science'",Ruidian,China,Patricia,Jackson,patricia_jackson
157,Esther Bradley,Male,2000-11-07,'Pets',Budapest XVI. kerület,Hungary,Esther,Bradley,esther_bradley
158,Thomas Driscoll,Female,1981-09-21,"'Fitness', 'Books', 'Parenting and family', 'Technology', 'Fashion'",Chiplūn,India,Thomas,Driscoll,thomas_driscoll
159,Evelyn Reeves,Male,1961-03-28,'Finance and investments',Bray,Ireland,Evelyn,Reeves,evelyn_reeves
160,Salina Day,Male,1966-04-25,"'History', 'Movies', 'Education and learning', 'Fashion'",Al Khafjī,Saudi Arabia,Salina,Day,salina_day
161,Larry Rogers,Male,1959-05-28,"'Fashion', 'Sports', 'Music', 'History'",Kumanovo,North Macedonia,Larry,Rogers,larry_rogers
162,Kevin Washington,Male,1955-06-27,"'Parenting and family', 'Food and dining', 'Beauty', 'Parenting and family'",Ilaro,Nigeria,Kevin,Washington,kevin_washington
163,Marjorie Leatherwood,Female,1965-10-15,"'Social causes and activism', 'Beauty', 'Outdoor activities'",Norden,Germany,Marjorie,Leatherwood,marjorie_leatherwood
164,Linsey Gannon,Female,1958-07-06,"'Parenting and family', 'Movies', 'Nature', 'Cooking', 'History'",Datong,China,Linsey,Gannon,linsey_gannon
165,Teresa Johnson,Female,1964-11-13,"'Outdoor activities', 'Cars and automobiles', 'Travel'",Madang,Papua New Guinea,Teresa,Johnson,teresa_johnson
166,Isaac Jackson,Male,1971-09-26,'Movies',Jinan-gun,South Korea,Isaac,Jackson,isaac_jackson
167,Virginia Curtis,Female,2002-06-06,'Travel',Lüdinghausen,Germany,Virginia,Curtis,virginia_curtis
168,Jacob Wright,Male,1984-08-29,"'Nature', 'DIY and crafts', 'Social causes and activism', 'Photography'",Bibir Hat,Bangladesh,Jacob,Wright,jacob_wright
169,Edward Miller,Male,1968-05-17,"'Cars and automobiles', 'Travel', 'Fitness', 'Pets'",Neftekamsk,Russia,Edward,Miller,edward_miller
170,Arthur Nace,Male,1970-02-03,"'Fitness', 'Beauty', 'Fitness'",Leshan,China,Arthur,Nace,arthur_nace
171,Victoria Duncan,Female,1995-04-12,"'Science', 'Business and entrepreneurship', 'Photography'",Ryde,Australia,Victoria,Duncan,victoria_duncan
172,Ruth Blackman,Male,1993-09-29,"'Outdoor activities', 'Food and dining', 'Cooking'",Wau,South Sudan,Ruth,Blackman,ruth_blackman
173,Robert Murray,Female,1958-04-20,"'Beauty', 'Travel', 'Photography'",Vapi,India,Robert,Murray,robert_murray
174,Maxine Meza,Male,1959-07-16,"'Gardening', 'DIY and crafts', 'Fitness'",Arcelia,Mexico,Maxine,Meza,maxine_meza
175,Joanne Perritt,Male,1973-02-20,"'Cars and automobiles', 'Cooking', 'History'",Kenema,Sierra Leone,Joanne,Perritt,joanne_perritt
176,Regina Washington,Male,1985-03-30,'Sports',Vadigenhalli,India,Regina,Washington,regina_washington
177,Bessie Freeman,Female,1958-09-20,"'Science', 'Food and dining', 'Gaming', 'Finance and investments'",Cataguases,Brazil,Bessie,Freeman,bessie_freeman
178,Kristy Spindler,Female,1958-09-26,'Cooking',Epsom,New Zealand,Kristy,Spindler,kristy_spindler
179,Judy Hosler,Female,1962-01-24,'History',Tire,Turkey,Judy,Hosler,judy_hosler
180,Anna Woloszyn,Male,1978-06-04,"'Outdoor activities', 'Politics', 'Food and dining', 'Nature', 'Fitness'",Kahului,United States,Anna,Woloszyn,anna_woloszyn
181,Heather Lewis,Male,2000-01-11,"'Cars and automobiles', 'Politics', 'Cars and automobiles', 'Business and entrepreneurship'",Peddāpuram,India,Heather,Lewis,heather_lewis
182,Andrea Guererro,Male,1997-02-26,"'Fashion', 'Social causes and activism', 'Nature', 'Gardening', 'Technology'",Fusagasugá,Colombia,Andrea,Guererro,andrea_guererro
183,Mia Bickers,Female,1966-06-09,'Finance and investments',Balaka,Malawi,Mia,Bickers,mia_bickers
184,Henry Parkman,Male,1979-05-02,"'Music', 'Cars and automobiles'",Waregem,Belgium,Henry,Parkman,henry_parkman
185,Mary Willis,Female,1998-07-13,"'Fashion', 'Photography', 'Science', 'Politics'",Chintāmani,India,Mary,Willis,mary_willis
186,Christopher Fowler,Female,1965-06-23,"'Beauty', 'Gaming'",Parbhani,India,Christopher,Fowler,christopher_fowler
187,Thomas Jacobs,Female,1975-02-03,"'Books', 'History'",Boiarka,Ukraine,Thomas,Jacobs,thomas_jacobs
188,Sean Colemen,Female,1984-11-01,"'Business and entrepreneurship', 'Cars and automobiles', 'Cooking'",Lubliniec,Poland,Sean,Colemen,sean_colemen
189,Theresa Samaniego,Male,1954-06-14,"'Fitness', 'Pets', 'Technology', 'Cars and automobiles', 'Outdoor activities'",Clichy,France,Theresa,Samaniego,theresa_samaniego
190,Adam Box,Female,1990-08-26,"'Music', 'Cooking'",Rogers Park,United States,Adam,Box,adam_box
191,Marlene Rodgers,Female,1992-01-08,"'Business and entrepreneurship', 'Nature', 'Travel'",Haiyang,China,Marlene,Rodgers,marlene_rodgers
192,Valerie Woock,Female,1995-12-02,"'Art', 'Movies', 'Technology', 'DIY and crafts'",Lidingö,Sweden,Valerie,Woock,valerie_woock
193,Eva Payne,Male,1963-05-05,"'Travel', 'Nature'",South Hayling,United Kingdom,Eva,Payne,eva_payne
194,Lawrence Doney,Female,1966-07-14,'Gardening',Dhanbad,India,Lawrence,Doney,lawrence_doney
195,Joseph Heninger,Female,2000-12-13,"'Travel', 'Outdoor activities', 'Fitness', 'Food and dining', 'Education and learning'",Rossendale,United Kingdom,Joseph,Heninger,joseph_heninger
196,Wayne Williams,Male,1990-01-16,"'Fashion', 'History', 'Gaming', 'Books', 'Photography'",Estrela,Brazil,Wayne,Williams,wayne_williams
197,Martha Dorsey,Male,1982-03-04,"'Fitness', 'Books', 'Pets', 'Fitness'",Guanhães,Brazil,Martha,Dorsey,martha_dorsey
198,Kelly Gearhart,Male,1985-04-12,"'Sports', 'Cars and automobiles', 'Beauty', 'Business and entrepreneurship', 'Gardening'",Selogiri,Indonesia,Kelly,Gearhart,kelly_gearhart
199,Warren Felder,Female,1975-12-07,"'Beauty', 'Sports', 'Parenting and family'",Helmstedt,Germany,Warren,Felder,warren_felder
200,Robert Cole,Male,1990-06-09,"'Outdoor activities', 'Technology', 'DIY and crafts'",Shivaji Nagar,India,Robert,Cole,robert_cole
201,Edmund Raney,Male,1955-01-18,"'Technology', 'Politics'",Erdaojiang,China,Edmund,Raney,edmund_raney
202,Maureen Acuna,Female,1984-01-05,"'Fitness', 'Nature', 'Photography'",Yunmen,China,Maureen,Acuna,maureen_acuna
203,David Muzzey,Male,1993-11-10,"'Science', 'Parenting and family', 'Gaming'",Jampur,Pakistan,David,Muzzey,david_muzzey
204,Rodney Mccall,Male,1977-12-03,'Cars and automobiles',Fukuchiyama,Japan,Rodney,Mccall,rodney_mccall
205,Sherry Settles,Male,1995-11-15,"'Finance and investments', 'Outdoor activities', 'Cars and automobiles', 'Health and wellness'",Huanan,China,Sherry,Settles,sherry_settles
206,Irene Mull,Female,1981-05-31,"'Food and dining', 'Beauty', 'History', 'Politics'",Breaza,Romania,Irene,Mull,irene_mull
207,Julie Allen,Female,1988-04-24,"'Technology', 'Health and wellness', 'Gaming', 'Social causes and activism'",Greater Upper Marlboro,United States,Julie,Allen,julie_allen
208,Eddie Cutler,Male,1956-12-22,'Parenting and family',Cardito,Italy,Eddie,Cutler,eddie_cutler
209,Mark Latta,Male,1994-09-17,"'Cooking', 'Pets', 'Music', 'History', 'DIY and crafts'",Kunda,India,Mark,Latta,mark_latta
210,Esther Bantz,Male,1999-10-25,"'Education and learning', 'Outdoor activities', 'Business and entrepreneurship', 'Business and entrepreneurship'",Karaçoban,Turkey,Esther,Bantz,esther_bantz
211,Eric Barrera,Female,1965-12-17,'Cars and automobiles',Villeneuve-d'Ascq,France,Eric,Barrera,eric_barrera
212,Timothy Florens,Male,1958-04-16,"'History', 'Science'",Telford,United Kingdom,Timothy,Florens,timothy_florens
213,Martha Isham,Male,1983-03-10,"'Pets', 'Photography', 'Fashion', 'Music', 'Education and learning'",Linjiang,China,Martha,Isham,martha_isham
214,Elliott Alvarado,Male,1966-09-21,'Gardening',Alot,India,Elliott,Alvarado,elliott_alvarado
215,Jonathan Scott,Male,1994-07-03,"'Fashion', 'Health and wellness'",Ciampea,Indonesia,Jonathan,Scott,jonathan_scott
216,Anthony Maki,Male,1978-04-27,"'Parenting and family', 'Sports'",Gümüşhane,Turkey,Anthony,Maki,anthony_maki
217,Janice Warner,Female,1954-03-20,"'Business and entrepreneurship', 'Sports', 'Finance and investments'",Miguel Alemán (La Doce),Mexico,Janice,Warner,janice_warner
218,James Gordillo,Female,1999-08-26,"'Art', 'Social causes and activism', 'Movies', 'Cooking'",Saint-Ouen-l'Aumône,France,James,Gordillo,james_gordillo
219,Bernard Beck,Male,1954-06-02,"'Technology', 'Art', 'Science'",Magarao,Philippines,Bernard,Beck,bernard_beck
220,Felix Shirley,Female,1962-01-22,"'Fashion', 'Social causes and activism'",Athlone,Ireland,Felix,Shirley,felix_shirley
221,Linda Thurlow,Male,1982-11-20,"'Fitness', 'Fitness', 'Art', 'Fitness'",Camborne,United Kingdom,Linda,Thurlow,linda_thurlow
222,Willie Gee,Female,1995-09-10,"'Nature', 'DIY and crafts', 'Art', 'Food and dining', 'Finance and investments'",Nārāyanpet,India,Willie,Gee,willie_gee
223,John Titus,Male,1992-03-14,"'Sports', 'History', 'DIY and crafts', 'Parenting and family'",Coronel Suárez,Argentina,John,Titus,john_titus
224,Terrance Keith,Female,1966-08-30,'Parenting and family',Juiz de Fora,Brazil,Terrance,Keith,terrance_keith
225,Shirley Williams,Female,1954-08-24,"'Science', 'Beauty', 'Outdoor activities'",Ujiie,Japan,Shirley,Williams,shirley_williams
226,Peter Dahlke,Female,1962-06-24,'Cars and automobiles',Shāhpur,India,Peter,Dahlke,peter_dahlke
227,Anthony Smith,Male,1972-09-30,'Health and wellness',Divichibazar,Azerbaijan,Anthony,Smith,anthony_smith
228,Jaime Sommers,Male,1976-06-14,'Travel',Hachimantai,Japan,Jaime,Sommers,jaime_sommers
229,Karen Andrews,Male,1981-08-04,"'Gardening', 'Fashion', 'Nature', 'DIY and crafts', 'Business and entrepreneurship'",Shājāpur,India,Karen,Andrews,karen_andrews
230,Debbie Valencia,Female,1961-05-11,"'Gaming', 'Business and entrepreneurship', 'Beauty', 'Fitness'",Gerona,Philippines,Debbie,Valencia,debbie_valencia
231,Ben Bowser,Female,1983-11-15,'Gardening',Chaumont,France,Ben,Bowser,ben_bowser
232,Donna Powell,Male,2002-08-24,"'Technology', 'Health and wellness', 'Nature'",Mo i Rana,Norway,Donna,Powell,donna_powell
233,Justin Fuqua,Female,1995-04-11,"'Movies', 'Education and learning'",Braunschweig,Germany,Justin,Fuqua,justin_fuqua
234,Elsie Stephens,Female,1977-09-30,"'Fashion', 'Nature', 'Books', 'Movies', 'DIY and crafts'",Duliāgaon,India,Elsie,Stephens,elsie_stephens
235,Christopher Finch,Male,1989-02-18,"'Travel', 'Social causes and activism', 'Parenting and family', 'Education and learning'",Marcq-en-Barœul,France,Christopher,Finch,christopher_finch
236,Eugene Heck,Female,1996-08-30,"'Gaming', 'Nature'",Arden-Arcade,United States,Eugene,Heck,eugene_heck
237,Terry Mcphail,Male,1978-08-06,'Fashion',Fordon,Poland,Terry,Mcphail,terry_mcphail
238,Aaron Delgado,Male,1964-05-10,'Photography',Xiaoshi,China,Aaron,Delgado,aaron_delgado
239,Donald Johnson,Female,2004-01-25,"'Gaming', 'Education and learning'",Khabarovsk Vtoroy,Russia,Donald,Johnson,donald_johnson
240,Sara Rodriguez,Male,1962-05-01,"'Photography', 'DIY and crafts'",Kingswinford,United Kingdom,Sara,Rodriguez,sara_rodriguez
241,Lianne Battle,Male,1963-12-05,"'Technology', 'Business and entrepreneurship', 'Books', 'Music'",Kotri,Pakistan,Lianne,Battle,lianne_battle
242,Kevin Wirtz,Male,2002-07-11,"'Finance and investments', 'Beauty', 'Movies', 'Photography', 'DIY and crafts'",Ermesinde,Portugal,Kevin,Wirtz,kevin_wirtz
243,Crystal White,Female,1988-04-21,"'Outdoor activities', 'Parenting and family', 'Food and dining', 'Parenting and family'",Pilibangan,India,Crystal,White,crystal_white
244,John Turner,Female,1998-08-23,'Travel',Yamaga,Japan,John,Turner,john_turner
245,Jim Erling,Female,1960-11-16,"'Pets', 'Fashion', 'Parenting and family', 'Social causes and activism', 'Business and entrepreneurship'",Fukayachō,Japan,Jim,Erling,jim_erling
246,David Howell,Female,1970-10-30,"'Music', 'Travel', 'Parenting and family', 'Gardening', 'Business and entrepreneurship'",Felanitx,Spain,David,Howell,david_howell
247,Scott Fusco,Female,1968-04-07,'Sports',Tungi,Bangladesh,Scott,Fusco,scott_fusco
248,Samuel Lewis,Male,1972-08-25,'Health and wellness',Cockburn Town,Turks and Caicos Islands,Samuel,Lewis,samuel_lewis
249,Ralph Holder,Female,1987-03-24,'Gaming',Vallabh Vidyanagar,India,Ralph,Holder,ralph_holder
250,Napoleon Vega,Female,2002-01-03,'Sports',Uki,Japan,Napoleon,Vega,napoleon_vega
251,Louis Skinner,Female,1956-06-04,"'Movies', 'Books', 'Business and entrepreneurship', 'Finance and investments'",Holloway,United Kingdom,Louis,Skinner,louis_skinner
252,Lonnie Hartman,Male,1985-08-25,'Cooking',Pontedera,Italy,Lonnie,Hartman,lonnie_hartman
253,Cassandra Pepin,Male,1991-09-08,"'Food and dining', 'Photography'",Barcelona,Spain,Cassandra,Pepin,cassandra_pepin
254,Marsha Grollimund,Male,1963-06-15,'Finance and investments',Ōme,Japan,Marsha,Grollimund,marsha_grollimund
255,Kenneth Waddell,Female,1965-01-24,"'Photography', 'Business and entrepreneurship', 'Cars and automobiles', 'Gaming', 'Books'",North Charleston,United States,Kenneth,Waddell,kenneth_waddell
256,Julie Martinez,Male,2000-07-17,'Beauty',Lido di Ostia,Italy,Julie,Martinez,julie_martinez
257,Ty Scott,Male,1975-09-19,"'Business and entrepreneurship', 'Travel', 'Parenting and family', 'Business and entrepreneurship'",Jaguariaíva,Brazil,Ty,Scott,ty_scott
258,Michael Griffies,Female,1989-05-21,"'Sports', 'History', 'Science'",Mogoditshane,Botswana,Michael,Griffies,michael_griffies
259,Patricia Strickland,Female,1970-06-05,"'Books', 'Science'",Potters Bar,United Kingdom,Patricia,Strickland,patricia_strickland
260,David Lewis,Female,1954-02-27,'DIY and crafts',Jalolquduq,Uzbekistan,David,Lewis,david_lewis
261,Randall Grant,Female,1981-01-17,"'Travel', 'Cars and automobiles', 'Photography', 'Movies', 'Music'",Zamora,Mexico,Randall,Grant,randall_grant
262,Gina Kitanik,Male,1960-09-06,"'Nature', 'Pets', 'Cooking'",Mazār-e Sharīf,Afghanistan,Gina,Kitanik,gina_kitanik
263,Philip Fernandez,Female,1954-12-02,'Gardening',Fulwood,United Kingdom,Philip,Fernandez,philip_fernandez
264,Velma Perry,Male,1972-03-23,"'Cars and automobiles', 'Beauty', 'Photography'",Scarborough,Trinidad and Tobago,Velma,Perry,velma_perry
265,Lester Reid,Male,1988-04-25,'Art',El Dorado,United States,Lester,Reid,lester_reid
266,Reginald Metz,Female,1999-08-27,"'Cars and automobiles', 'Fitness', 'Technology', 'Gardening'",Ballwin,United States,Reginald,Metz,reginald_metz
267,Jeffrey Beltran,Male,1980-10-13,"'Outdoor activities', 'Parenting and family', 'Books'",Caupolicán,Chile,Jeffrey,Beltran,jeffrey_beltran
268,Ruth Lachley,Female,1981-11-22,"'Cooking', 'Finance and investments'",Rama,Nicaragua,Ruth,Lachley,ruth_lachley
269,John Doughty,Male,1970-03-02,"'Travel', 'Fitness', 'History', 'Fashion'",Losheim,Germany,John,Doughty,john_doughty
270,Brenda Arellano,Male,1966-03-17,"'Movies', 'Finance and investments', 'Music', 'Sports'",Baliuag,Philippines,Brenda,Arellano,brenda_arellano
271,Arthur Spangler,Male,1991-06-24,'Fashion',Maying,China,Arthur,Spangler,arthur_spangler
272,Donald Dickey,Female,1966-12-05,"'Technology', 'Health and wellness', 'Technology', 'Cars and automobiles', 'Movies'",Makhachkala,Russia,Donald,Dickey,donald_dickey
273,Weldon Jimenez,Female,1979-08-10,"'Books', 'History'",Qilian,China,Weldon,Jimenez,weldon_jimenez
274,Carl Parker,Male,1989-04-04,"'Social causes and activism', 'Movies', 'Music', 'Business and entrepreneurship', 'Movies'",Timashyovsk,Russia,Carl,Parker,carl_parker
275,Allison Seales,Female,1955-05-30,"'Outdoor activities', 'Beauty', 'Social causes and activism'",Kazan,Turkey,Allison,Seales,allison_seales
276,Maryellen Berg,Female,1960-11-19,"'Technology', 'Fitness', 'Parenting and family'",Sunzha,Russia,Maryellen,Berg,maryellen_berg
277,Collin Escudero,Male,1996-08-19,"'Outdoor activities', 'Gardening'",Ciudad de Armería,Mexico,Collin,Escudero,collin_escudero
278,Robert Robinson,Female,1983-10-26,"'Gardening', 'Beauty'",Dhaka,Bangladesh,Robert,Robinson,robert_robinson
279,Justin Cotton,Female,1972-12-01,"'Health and wellness', 'Fitness'",Ōita,Japan,Justin,Cotton,justin_cotton
280,Gabriel Hernandez,Male,2000-06-30,"'Health and wellness', 'Travel', 'Social causes and activism', 'DIY and crafts'",Sofifi,Indonesia,Gabriel,Hernandez,gabriel_hernandez
281,George Martinez,Female,1971-06-06,"'Photography', 'Cars and automobiles', 'Education and learning', 'Gardening', 'Technology'",Isparta,Turkey,George,Martinez,george_martinez
282,Dale Totten,Female,1971-08-13,"'Parenting and family', 'Business and entrepreneurship'",Salto de Pirapora,Brazil,Dale,Totten,dale_totten
283,Lee Noh,Female,1983-03-02,'Education and learning',Toyohama,Japan,Lee,Noh,lee_noh
284,Joey Presley,Male,1959-07-13,'Movies',Zürich (Kreis 8),Switzerland,Joey,Presley,joey_presley
285,Harold Pannenbacker,Male,1954-12-24,"'Finance and investments', 'Food and dining', 'Cars and automobiles'",Jinchang,China,Harold,Pannenbacker,harold_pannenbacker
286,Roger Delarosa,Female,1979-06-11,"'Sports', 'Gardening'",Willich,Germany,Roger,Delarosa,roger_delarosa
287,Lawrence Spooner,Female,1977-04-30,'Outdoor activities',Chemnitz,Germany,Lawrence,Spooner,lawrence_spooner
288,Jack Vandiver,Female,1985-07-18,"'Health and wellness', 'Food and dining', 'Sports'",Santiago Momoxpan,Mexico,Jack,Vandiver,jack_vandiver
289,Mary Miller,Male,1972-10-17,"'History', 'Politics'",Santiago Tuxtla,Mexico,Mary,Miller,mary_miller
290,Grace Warren,Male,1976-11-26,"'Photography', 'Music', 'History', 'Social causes and activism', 'Art'",Velasco Ibarra,Ecuador,Grace,Warren,grace_warren
291,Brett Fishback,Male,1959-10-30,'Business and entrepreneurship',Mococa,Brazil,Brett,Fishback,brett_fishback
292,James Adcock,Male,1988-04-27,"'Technology', 'Gardening', 'Education and learning'",Boyle Heights,United States,James,Adcock,james_adcock
293,Sarah Maciel,Male,1955-09-18,'Music',Trstenik,Serbia,Sarah,Maciel,sarah_maciel
294,Robert Stone,Female,1964-11-05,"'Art', 'DIY and crafts', 'Fashion', 'Gaming', 'Finance and investments'",East End-Danforth,Canada,Robert,Stone,robert_stone
295,Stephen Bonavia,Male,1960-05-27,"'Beauty', 'Outdoor activities', 'Fashion', 'Outdoor activities', 'History'",Tomé,Chile,Stephen,Bonavia,stephen_bonavia
296,Nancy Kelly,Male,1977-11-10,"'Politics', 'Health and wellness', 'Finance and investments'",Yŏnggwang-ŭp,North Korea,Nancy,Kelly,nancy_kelly
297,Charles Hughes,Male,2000-04-09,"'Finance and investments', 'Sports'",Villa Santa Rita,Argentina,Charles,Hughes,charles_hughes
298,Carole Soileau,Female,1984-07-17,"'DIY and crafts', 'Travel', 'Books'",Cicurug,Indonesia,Carole,Soileau,carole_soileau
299,Ronald Mcnealy,Male,1966-07-21,"'Photography', 'DIY and crafts', 'Sports', 'Beauty', 'Movies'",East Concord,United States,Ronald,Mcnealy,ronald_mcnealy
300,Janis Robertson,Female,1996-06-10,'Parenting and family',Viersen,Germany,Janis,Robertson,janis_robertson
